<?xml version="1.0" encoding="UTF-8"?>
<feature
      id="jp.gr.java_conf.ussiy.app.propedit.nl"
      label="PropertiesEditor_Asian_NLS"
      version="0.0.1"
      provider-name="Chomakichi"
      plugin="jp.gr.java_conf.ussiy.app.propedit">

   <description url="http://propedit.sourceforge.jp/index_en.html">
      Asian NLS
   </description>

   <copyright>
      PropertiesEditor - Editor of properties file.\nCopyright (C)
2004-  Sou Miyazaki
   </copyright>

   <license url="license/gpl.html">
      PropertiesEditor - Editor of properties file.
Copyright (C) 2004-  Sou Miyazaki
This program is free software; you can redistribute it and/or
modify it under the terms of the GNU General Public License as
published by the Free Software Foundation; either version 2 of
the License, or (at your option) any later version.
This program is distributed in the hope that it will be useful,
but WITHOUT ANY WARRANTY; without even the implied warranty of
MERCHANTABILITY or FITNESS FOR A PARTICULAR PURPOSE.  See the
GNU General Public License for more details.
You should have received a copy of the GNU General Public License
along with this program; if not, write to the Free Software Foundation,
Inc., 59 Temple Place - Suite 330, Boston, MA  02111-1307, USA.
   </license>

   <url>
      <update label="PropertiesEditor Update Site" url="http://propedit.sourceforge.jp/eclipse/updates/"/>
   </url>

   <requires>
      <import plugin="jp.gr.java_conf.ussiy.app.propedit" version="5.3.3" match="greaterOrEqual"/>
   </requires>

   <plugin
         id="jp.gr.java_conf.ussiy.app.propedit.nl"
         download-size="0"
         install-size="0"
         version="0.0.1"
         fragment="true"
         unpack="false"/>

</feature>
